{"Activities": {"DT PROJECT": 132.8969430923462, "Math project ": 14.850508689880371, "Chemistry": 0}}